"Gene.Name","Sample.Name","CDS.Mutation","AA.Mutation","counts_control","counts_tumor","VAF","Sample"
"PTGES3","TCGA-AN-A046-01","c.32G>A","p.R11Q",489,524,0.52,"16S0008"
"DMBT1_ENST00000368909","TCGA-A8-A09G-01","c.2168C>T","p.S723L",436,364,0.46,"16S0008"
"DSE_ENST00000537543","TCGA-AR-A0TX-01","c.2747C>T","p.S916F",149,296,0.67,"16S0008"
"ITGAX","TCGA-AO-A0J2-01","c.1843A>G","p.T615A",387,496,0.56,"16S0008"
"TSGA10","TCGA-AC-A23H-01","c.1980G>C","p.M660I",540,567,0.51,"16S0008"
"DYSF","TCGA-D8-A1XK-01","c.4638G>A","p.K1546K",361,508,0.58,"16S0008"
"OR1Q1","TCGA-AN-A0XO-01","c.594G>A","p.M198I",277,142,0.34,"16S0008"
"DLGAP1_ENST00000534970","TCGA-D8-A1JK-01","c.753G>T","p.Q251H",473,359,0.43,"16S0008"
"LRP1B","TCGA-BH-A208-01","c.1198C>T","p.Q400*",372,220,0.37,"16S0008"
"DEAF1","TCGA-A8-A07R-01","c.821C>T","p.P274L",312,443,0.59,"16S0008"
"LIMCH1_ENST00000512820","TCGA-D8-A1XK-01","c.474T>C","p.A158A",343,315,0.48,"16S0008"
"POU2F1_ENST00000367865","TCGA-E2-A15I-01","c.418G>C","p.A140P",599,270,0.31,"16S0008"
"MYCBPAP","TCGA-OL-A5RW-01","c.1057G>A","p.D353N",457,542,0.54,"16S0008"
"ADD2","TCGA-EW-A1IZ-01","c.1205C>T","p.A402V",526,100,0.16,"16S0008"
"GREB1L","TCGA-B6-A0RE-01","c.321A>T","p.Q107H",442,442,0.5,"16S0008"
"PDE4B_ENST00000371045","TCGA-AN-A046-01","c.420G>T","p.K140N",501,350,0.41,"16S0008"
"OBSCN","TCGA-BH-A18G-01","c.9904C>T","p.P3302S",538,533,0.5,"16S0008"
"COL23A1","TCGA-BH-A18U-01","c.1385T>C","p.I462T",426,124,0.23,"16S0008"
"DNAH5","TCGA-AN-A0XN-01","c.1687C>G","p.Q563E",174,553,0.76,"16S0008"
"ATE1","TCGA-BH-A0DP-01","c.1320A>G","p.Q440Q",533,234,0.31,"16S0008"
"LRIT1","TCGA-BH-A0EB-01","c.503_504delTG","p.M168fs*38",444,358,0.45,"16S0008"
"NUCB1","TCGA-AC-A23H-01","c.1249G>C","p.E417Q",542,103,0.16,"16S0008"
"PCDHB7","TCGA-AC-A23H-01","c.1173C>A","p.F391L",418,588,0.58,"16S0008"
"N4BP1","TCGA-E9-A245-01","c.357C>A","p.I119I",324,346,0.52,"16S0008"
"WBSCR28","TCGA-EW-A1J6-01","c.523G>T","p.V175L",302,312,0.51,"16S0008"
"RNMTL1","TCGA-AO-A0J9-01","c.312G>A","p.L104L",597,323,0.35,"16S0008"
"PMVK","TCGA-A2-A0ET-01","c.123C>T","p.L41L",306,480,0.61,"16S0008"
"SH3D21","TCGA-BH-A1EY-01","c.172A>G","p.K58E",200,584,0.74,"16S0008"
"FAM160B1","TCGA-C8-A1HJ-01","c.490C>G","p.Q164E",482,463,0.49,"16S0008"
"MED12","TCGA-A2-A25A-01","c.2499C>G","p.F833L",192,245,0.56,"16S0008"
"TECRL","TCGA-C8-A1HM-01","c.1069G>T","p.A357S",222,392,0.64,"16S0008"
"COL8A1","TCGA-AN-A0FN-01","c.1788_1789insC","p.H599fs*6",125,384,0.75,"16S0008"
"ANK2_ENST00000506722","TCGA-GM-A2DD-01","c.3439C>T","p.R1147C",129,341,0.73,"16S0008"
"LAMTOR2_ENST00000368302","TCGA-BH-A0BR-01","c.198_199insG","p.D67fs*47",551,557,0.5,"16S0008"
"ZNF518B","TCGA-AQ-A04J-01","c.533A>T","p.Q178L",262,147,0.36,"16S0008"
"CEACAM18_ENST00000451626","TCGA-B6-A0IB-01","c.756C>G","p.V252V",158,454,0.74,"16S0008"
"HTATIP2_ENST00000419348","TCGA-AC-A23H-01","c.683C>T","p.S228F",261,487,0.65,"16S0008"
"ASXL2_ENST00000435504","TCGA-AN-A046-01","c.1069C>T","p.R357*",208,484,0.7,"16S0008"
"MAP3K1_ENST00000399503","TCGA-OK-A5Q2-01","c.1594C>T","p.R532*",348,242,0.41,"16S0008"
"KIF4A_ENST00000374388","TCGA-C8-A130-01","c.42G>T","p.L14L",578,207,0.26,"16S0008"
"TRDN","TCGA-AR-A1AV-01","c.1921G>A","p.E641K",298,531,0.64,"16S0008"
"TMEM38B","TCGA-GI-A2C9-01","c.798C>T","p.G266G",566,369,0.39,"16S0008"
"AVL9_ENST00000404479","TCGA-BH-A0B6-01","c.6G>A","p.E2E",483,361,0.43,"16S0008"
"SNPH_ENST00000381867","TCGA-AC-A23H-01","c.567C>G","p.L189L",481,321,0.4,"16S0008"
"ZNF438","TCGA-AO-A128-01","c.215T>C","p.L72P",360,155,0.3,"16S0008"
"ABCA13_ENST00000435803","TCGA-A7-A3IZ-01","c.13461G>T","p.R4487S",458,118,0.2,"16S0008"
"ARHGAP20","TCGA-BH-A0DZ-01","c.3235G>A","p.G1079S",187,217,0.54,"16S0008"
"C1orf144_ENST00000401088","TCGA-A8-A09Z-01","c.295C>T","p.R99W",450,327,0.42,"16S0008"
"EMID1","TCGA-BH-A0BZ-01","c.247G>T","p.V83L",456,574,0.56,"16S0008"
"GRIA1_ENST00000448073","TCGA-BH-A0AY-01","c.2239G>A","p.V747M",395,200,0.34,"16S0008"
"RGL2","TCGA-A8-A08F-01","c.608_609insG","p.S204fs*3",311,107,0.26,"16S0008"
"MEN1","TCGA-AC-A23H-01","c.1802C>G","p.S601C",453,246,0.35,"16S0008"
"GLYR1","TCGA-AC-A23H-01","c.622G>A","p.E208K",402,308,0.43,"16S0008"
"PPDPF_ENST00000370177","TCGA-E9-A22E-01","c.131C>T","p.P44L",591,272,0.32,"16S0008"
"ENSG00000196979","TCGA-E2-A1LG-01","c.557C>G","p.S186C",317,576,0.65,"16S0008"
"GOLGA2","TCGA-A2-A0T5-01","c.2427+2T>G","p.?",512,156,0.23,"16S0008"
"UTP20","TCGA-A2-A3XT-01","c.5159G>C","p.R1720P",430,303,0.41,"16S0008"
"SETD5","TCGA-AO-A0J5-01","c.785T>A","p.V262E",565,573,0.5,"16S0008"
"DLX5","TCGA-BH-A18V-01","c.590A>C","p.K197T",400,554,0.58,"16S0008"
"PRKD1_ENST00000331968","TCGA-A8-A0A6-01","c.2592T>G","p.S864R",201,372,0.65,"16S0008"
"PDIA4","TCGA-BH-A0BZ-01","c.118G>A","p.D40N",256,462,0.64,"16S0008"
"MRPL43","TCGA-A7-A0CG-01","c.465+7_465+8insG","p.?",127,397,0.76,"16S0008"
"ZFHX3","TCGA-AC-A3OD-01","c.5221_5223delCAA","p.Q1741delQ",271,596,0.69,"16S0008"
"WNT2","TCGA-A8-A090-01","c.1074C>T","p.T358T",328,133,0.29,"16S0008"
"ATP4A","TCGA-A8-A08L-01","c.2873A>C","p.Q958P",528,570,0.52,"16S0008"
"SH3KBP1_ENST00000379697","TCGA-C8-A12U-01","c.30C>T","p.Y10Y",239,494,0.67,"16S0008"
"TNXB_ENST00000375247","TCGA-BH-A1F8-01","c.309G>A","p.L103L",460,167,0.27,"16S0008"
"OTOGL_ENST00000458043","TCGA-AO-A12A-01","c.5780G>T","p.G1927V",320,287,0.47,"16S0008"
"WIPF1","TCGA-E9-A1RB-01","c.927G>A","p.P309P",278,233,0.46,"16S0008"
"TTN_ENST00000342175","TCGA-E9-A54X-01","c.44839G>T","p.A14947S",532,511,0.49,"16S0008"
"KRTAP5-1","TCGA-E2-A1LA-01","c.335_336insC","p.G113fs*115",437,407,0.48,"16S0008"
"PLCZ1","TCGA-AN-A0AR-01","c.1067C>G","p.T356R",434,469,0.52,"16S0008"
"SPAG7","TCGA-AC-A23H-01","c.664G>A","p.E222K",124,202,0.62,"16S0008"
"TP53_ENST00000545858","TCGA-E9-A244-01","c.245G>A","p.R82H",330,329,0.5,"16S0008"
"ROBO2_ENST00000487694","TCGA-BH-A1EV-01","c.1292G>C","p.R431T",120,558,0.82,"16S0008"
"C9orf102","TCGA-AO-A128-01","c.1830A>G","p.V610V",428,243,0.36,"16S0008"
"DPEP3","TCGA-BH-A0DZ-01","c.354C>T","p.L118L",465,590,0.56,"16S0008"
"HOOK2","TCGA-A8-A07B-01","c.2014delA","p.M672fs*40",289,491,0.63,"16S0008"
"WASF1","TCGA-EW-A1J5-01","c.797G>C","p.R266T",346,282,0.45,"16S0008"
"RPLP2","TCGA-E2-A10C-01","c.274G>C","p.E92Q",586,256,0.3,"16S0008"
"AMPH_ENST00000428293","TCGA-AR-A256-01","c.657A>C","p.E219D",488,521,0.52,"16S0008"
"RFX4","TCGA-AN-A0AJ-01","c.235C>T","p.R79C",100,143,0.59,"16S0008"
"RUNX3","TCGA-BH-A18G-01","c.879C>T","p.S293S",552,211,0.28,"16S0008"
"POGZ","TCGA-D8-A27I-01","c.2423A>G","p.N808S",285,458,0.62,"16S0008"
"C13orf34","TCGA-AN-A046-01","c.1411G>T","p.E471*",203,572,0.74,"16S0008"
"RPS6KA2","TCGA-BH-A0C3-01","c.665C>T","p.T222M",443,481,0.52,"16S0008"
"TRAF3IP3_ENST00000367024","TCGA-D8-A1J8-01","c.418G>C","p.D140H",404,298,0.42,"16S0008"
"OR13C4","TCGA-BH-A18V-01","c.881T>A","p.I294K",286,434,0.6,"16S0008"
"MEI1_ENST00000540833","TCGA-E2-A1LG-01","c.1411C>T","p.R471C",265,186,0.41,"16S0008"
"TP53_ENST00000413465","TCGA-E9-A1N9-01","c.586C>T","p.R196*",247,493,0.67,"16S0008"
"CHD4_ENST00000357008","TCGA-B6-A0IJ-01","c.946G>C","p.D316H",570,137,0.19,"16S0008"
"PIK3C2G_ENST00000538779","TCGA-AC-A3QP-01","c.163G>T","p.E55*",574,349,0.38,"16S0008"
"HTR3D_ENST00000382489","TCGA-D8-A3Z6-01","c.369C>T","p.F123F",499,516,0.51,"16S0008"
"RPRD1B","TCGA-EW-A1IW-01","c.201C>G","p.I67M",462,112,0.2,"16S0008"
"EFCAB5","TCGA-AN-A046-01","c.362G>T","p.R121I",110,178,0.62,"16S0008"
"ATXN2","TCGA-A2-A0D0-01","c.2469A>G","p.R823R",588,439,0.43,"16S0008"
"ZNF207_ENST00000394670","TCGA-E2-A1IO-01","c.670+2T>C","p.?",535,412,0.44,"16S0008"
"FGB","TCGA-AO-A1KS-01","c.979G>A","p.D327N",332,475,0.59,"16S0008"
"ARHGEF7_ENST00000375736","TCGA-BH-A1EO-01","c.821G>A","p.R274Q",539,575,0.52,"16S0008"
"ZFYVE26","TCGA-A8-A09I-01","c.3853G>C","p.E1285Q",416,371,0.47,"16S0008"
"AHCTF1","TCGA-E2-A150-01","c.5197G>T","p.D1733Y",252,333,0.57,"16S0008"
"RGS5","TCGA-AR-A0U3-01","c.493G>A","p.D165N",132,283,0.68,"17S0003"
"RBM27","TCGA-A2-A04P-01","c.722C>A","p.T241N",332,358,0.52,"17S0003"
"ING1_ENST00000375774","TCGA-D8-A1JN-01","c.864C>T","p.P288P",568,186,0.25,"17S0003"
"URM1_ENST00000452446","TCGA-D8-A1XU-01","c.369G>T","p.R123S",130,492,0.79,"17S0003"
"LTA4H","TCGA-BH-A0B6-01","c.670G>C","p.E224Q",308,410,0.57,"17S0003"
"COL9A3","TCGA-A2-A0T5-01","c.2019A>G","p.G673G",573,494,0.46,"17S0003"
"FBXO40","TCGA-AR-A1AU-01","c.1912G>A","p.E638K",462,355,0.43,"17S0003"
"TP53","TCGA-E2-A1IO-01","c.570_571insT","p.P191fs*18",295,110,0.27,"17S0003"
"C6orf97","TCGA-E2-A1LG-01","c.190C>T","p.Q64*",558,503,0.47,"17S0003"
"DUOXA2_ENST00000323030","TCGA-BH-A0HF-01","c.799G>A","p.V267M",366,314,0.46,"17S0003"
"GAS2L2","TCGA-AO-A12E-01","c.1646C>T","p.T549M",163,555,0.77,"17S0003"
"IRS4","TCGA-A1-A0SH-01","c.1067C>G","p.S356C",528,174,0.25,"17S0003"
"ZNF423_ENST00000262383","TCGA-D8-A1XZ-01","c.3310G>A","p.V1104M",173,111,0.39,"17S0003"
"TRPC1_ENST00000476941","TCGA-D8-A1XK-01","c.1540delT","p.F515fs*41",120,185,0.61,"17S0003"
"LHX4","TCGA-AR-A1AR-01","c.846C>T","p.G282G",297,228,0.43,"17S0003"
"PSG11","TCGA-B6-A0IJ-01","c.106G>T","p.V36F",357,510,0.59,"17S0003"
"LRRK1_ENST00000388948","TCGA-AO-A128-01","c.2300G>A","p.R767H",405,306,0.43,"17S0003"
"ANK1_ENST00000265709","TCGA-AO-A128-01","c.197G>A","p.R66Q",340,291,0.46,"17S0003"
"PPP1R9B","TCGA-A8-A07I-01","c.2206G>A","p.E736K",281,461,0.62,"17S0003"
"ADAM21","TCGA-E2-A2P5-01","c.841C>G","p.Q281E",216,502,0.7,"17S0003"
"CYP24A1","TCGA-AC-A23H-01","c.1327G>C","p.E443Q",350,285,0.45,"17S0003"
"SSX9","TCGA-B6-A2IU-01","c.6C>T","p.N2N",441,272,0.38,"17S0003"
"DNAJC14","TCGA-C8-A12P-01","c.981G>A","p.L327L",213,247,0.54,"17S0003"
"PIK3CA_ENST00000263967","TCGA-E2-A15C-01","c.3140A>G","p.H1047R",277,418,0.6,"17S0003"
"EVPL","TCGA-BH-A18G-01","c.411C>T","p.Y137Y",415,246,0.37,"17S0003"
"KIF13B","TCGA-AR-A2LE-01","c.4032C>G","p.L1344L",334,462,0.58,"17S0003"
"DST_ENST00000370765","TCGA-AN-A046-01","c.3729G>A","p.E1243E",427,223,0.34,"17S0003"
"ZNF518A_ENST00000371192","TCGA-A1-A0SI-01","c.2080G>A","p.D694N",406,198,0.33,"17S0003"
"CMKLR1","TCGA-GM-A2DD-01","c.914C>T","p.A305V",443,376,0.46,"17S0003"
"TP53_ENST00000420246","TCGA-A8-A09X-01","c.738G>A","p.M246I",125,103,0.45,"17S0003"
"TP53_ENST00000455263","TCGA-B6-A0RU-01","c.586C>T","p.R196*",543,253,0.32,"17S0003"
"DCLK2_ENST00000302176","TCGA-AC-A23H-01","c.1948C>T","p.Q650*",549,286,0.34,"17S0003"
"TBC1D4","TCGA-D8-A27G-01","c.2632G>C","p.D878H",212,572,0.73,"17S0003"
"PPP2R2B","TCGA-AN-A046-01","c.799+1G>T","p.?",368,351,0.49,"17S0003"
"HIPK1_ENST00000369558","TCGA-B6-A0RV-01","c.433C>G","p.L145V",442,385,0.47,"17S0003"
"PPAT","TCGA-AN-A046-01","c.1151G>T","p.R384I",477,194,0.29,"17S0003"
"FBN2_ENST00000508053","TCGA-GM-A2DH-01","c.3156C>T","p.C1052C",537,559,0.51,"17S0003"
"BACH2_ENST00000257749","TCGA-BH-A42U-01","c.2152C>A","p.Q718K",546,496,0.48,"17S0003"
"BTN3A1_ENST00000476549","TCGA-BH-A0H9-01","c.206G>C","p.S69T",397,425,0.52,"17S0003"
"VPS13B","TCGA-AC-A23H-01","c.7561G>C","p.E2521Q",532,531,0.5,"17S0003"
"ANK3","TCGA-E2-A14Y-01","c.2057G>C","p.R686T",376,305,0.45,"17S0003"
"ARHGAP6","TCGA-BH-A0DL-01","c.2121C>T","p.G707G",254,580,0.7,"17S0003"
"MEF2C_ENST00000424173","TCGA-D8-A1JN-01","c.381G>A","p.K127K",333,293,0.47,"17S0003"
"ANK2","TCGA-E9-A247-01","c.3572G>A","p.R1191Q",554,113,0.17,"17S0003"
"STAT2","TCGA-AC-A2QJ-01","c.1529G>A","p.R510Q",162,245,0.6,"17S0003"
"POLR3K","TCGA-A2-A0EY-01","c.69C>T","p.F23F",175,369,0.68,"17S0003"
"C14orf166B","TCGA-AN-A0XN-01","c.859G>A","p.G287R",539,277,0.34,"17S0003"
"BRD1","TCGA-BH-A28Q-01","c.928G>A","p.E310K",197,152,0.44,"17S0003"
"SALL4","TCGA-EW-A1J5-01","c.1732C>G","p.Q578E",510,356,0.41,"17S0003"
"GNB5_ENST00000261837","TCGA-AO-A128-01","c.344A>G","p.K115R",121,128,0.51,"17S0003"
"TBATA_ENST00000545575","TCGA-A8-A0A6-01","c.476T>G","p.V159G",386,480,0.55,"17S0003"
"MYO3A","TCGA-D8-A27G-01","c.4294-1G>A","p.?",299,363,0.55,"17S0003"
"GPC3_ENST00000394299","TCGA-A8-A0A9-01","c.596G>A","p.R199Q",133,164,0.55,"17S0003"
"PCDHA9_ENST00000532602","TCGA-AN-A0XW-01","c.2436G>C","p.L812L",565,196,0.26,"17S0003"
"QRICH2","TCGA-BH-A0BW-01","c.1209T>G","p.D403E",190,235,0.55,"17S0003"
"ZAN","TCGA-AN-A046-01","c.4950G>A","p.T1650T",569,101,0.15,"17S0003"
"NBEA","TCGA-A8-A0A7-01","c.7520G>A","p.R2507Q",208,453,0.69,"17S0003"
"DAB2IP","TCGA-C8-A12O-01","c.1198C>T","p.R400C",509,366,0.42,"17S0003"
"RBP1_ENST00000232219","TCGA-BH-A18P-01","c.10C>T","p.P4S",518,150,0.22,"17S0003"
"ZNF841","TCGA-GI-A2C8-01","c.175A>C","p.M59L",590,181,0.23,"17S0003"
"C10orf18","TCGA-A8-A08L-01","c.4538C>G","p.S1513C",168,440,0.72,"17S0003"
"SMARCA2_ENST00000349721","TCGA-B6-A0RH-01","c.3680A>G","p.N1227S",255,437,0.63,"17S0003"
"TP53_ENST00000420246","TCGA-A7-A4SE-01","c.783-1G>T","p.?",348,218,0.39,"17S0003"
"KLHL4","TCGA-D8-A1XK-01","c.1619T>C","p.V540A",209,175,0.46,"17S0003"
"PTPRF","TCGA-BH-A1EV-01","c.566C>T","p.S189L",289,499,0.63,"17S0003"
"NNT","TCGA-BH-A18J-01","c.1243G>C","p.D415H",136,382,0.74,"17S0003"
"ANO1_ENST00000316296","TCGA-EW-A1J5-01","c.256G>A","p.E86K",547,287,0.34,"17S0003"
"CCDC13","TCGA-D8-A1XF-01","c.1788G>A","p.V596V",304,486,0.62,"17S0003"
"RARB_ENST00000404969","TCGA-AN-A041-01","c.226C>T","p.P76S",135,268,0.67,"17S0003"
"CACNA1A_ENST00000360228","TCGA-E9-A5FK-01","c.488C>A","p.S163Y",589,138,0.19,"17S0003"
"MAGI3_ENST00000307546","TCGA-D8-A1JN-01","c.1320G>A","p.L440L",245,554,0.69,"17S0003"
"RP11-419C5.2_ENST00000532298","TCGA-A2-A0YM-01","c.759_761delACA","p.Q253delQ",192,588,0.75,"17S0003"
"CEP57","TCGA-A8-A09N-01","c.692C>G","p.A231G",325,106,0.25,"17S0003"
"SOBP","TCGA-BH-A0HL-01","c.977C>T","p.P326L",243,563,0.7,"17S0003"
"HERC3","TCGA-AO-A1KR-01","c.940G>A","p.G314R",594,447,0.43,"17S0003"
"C9orf174","TCGA-A8-A09Z-01","c.4099delC","p.P1368fs*11",107,165,0.61,"17S0003"
"EPPK1","TCGA-A1-A0SP-01","c.123G>A","p.R41R",420,239,0.36,"17S0003"
"GNAS_ENST00000371100","TCGA-A8-A08C-01","c.980_981insC","p.I330fs*4",186,125,0.4,"17S0003"
"PRKDC","TCGA-AO-A0JM-01","c.7076A>C","p.K2359T",195,255,0.57,"17S0003"
"TXNRD1_ENST00000525566","TCGA-E9-A1R2-01","c.961C>T","p.P321S",270,477,0.64,"17S0003"
"ITSN2","TCGA-D8-A27F-01","c.2203G>C","p.A735P",189,149,0.44,"17S0003"
"NXPE1","TCGA-A8-A084-01","c.915G>T","p.E305D",499,556,0.53,"17S0003"
"CCDC88A_ENST00000336838","TCGA-AC-A23H-01","c.255G>C","p.Q85H",266,230,0.46,"17S0003"
"RPS6KA6","TCGA-AN-A046-01","c.355C>T","p.R119W",365,489,0.57,"17S0003"
"RYR3","TCGA-D8-A1XQ-01","c.10078T>C","p.Y3360H",352,310,0.47,"17S0003"
"P2RY10","TCGA-D8-A1XQ-01","c.895C>A","p.L299I",256,135,0.35,"17S0003"
"NECAB1","TCGA-AR-A0U1-01","c.551G>T","p.S184I",318,476,0.6,"17S0003"
"SLC26A3","TCGA-A8-A09Z-01","c.1360C>T","p.Q454*",548,295,0.35,"17S0003"
"NLRP13","TCGA-AN-A046-01","c.1149T>C","p.I383I",158,552,0.78,"17S0003"
"ENSG00000093100","TCGA-BH-A1FD-01","c.3278_3279insC","p.G1094fs*6",490,421,0.46,"17S0003"
"ATP8B3","TCGA-BH-A18P-01","c.3919A>G","p.K1307E",105,455,0.81,"17S0003"
"FASTKD1","TCGA-BH-A0BZ-01","c.2031G>C","p.Q677H",268,241,0.47,"17S0003"
"C7orf50","TCGA-A7-A26H-01","c.125C>G","p.S42C",265,296,0.53,"17S0003"
"DST","TCGA-A8-A095-01","c.3770A>G","p.K1257R",520,242,0.32,"17S0003"
"TTN_ENST00000356127","TCGA-BH-A1F8-01","c.76454G>A","p.R25485K",246,519,0.68,"17S0003"
"CHFR","TCGA-B6-A0RT-01","c.1008A>G","p.Q336Q",515,178,0.26,"17S0003"
"SLC26A9_ENST00000367134","TCGA-BH-A0DK-01","c.1090G>C","p.D364H",327,341,0.51,"17S0003"
"RHPN2","TCGA-A8-A09Z-01","c.1993C>T","p.R665W",259,482,0.65,"17S0003"
"MXRA5_ENST00000381114","TCGA-AC-A23H-01","c.5077G>A","p.D1693N",286,197,0.41,"17S0003"
"MLL3_ENST00000355193","TCGA-GI-A2C9-01","c.9831delA","p.P3278fs*3",101,211,0.68,"17S0003"
"ABLIM2_ENST00000361737","TCGA-A2-A0D4-01","c.1461C>A","p.D487E",488,394,0.45,"17S0003"
"AAK1","TCGA-AN-A046-01","c.842G>A","p.R281Q",398,146,0.27,"17S0003"
"THRAP3","TCGA-A8-A07B-01","c.2428G>A","p.D810N",542,484,0.47,"17S0003"
"CAD","TCGA-D8-A27L-01","c.1352A>G","p.Y451C",470,408,0.46,"17S0003"
"IL4R","TCGA-A8-A09Z-01","c.761G>A","p.S254N",147,282,0.66,"17S0003"
"MGAM_ENST00000473011","TCGA-BH-A18N-01","c.701A>G","p.N234S",196,267,0.58,"17S0003"
"ITPR3_ENST00000374316","TCGA-D8-A1JK-01","c.5959G>C","p.D1987H",331,177,0.35,"17S0003"
"DYSF_ENST00000410020","TCGA-AO-A0J5-01","c.409_410insA","p.P137fs*12",267,490,0.65,"17S0003"
"LILRA5","TCGA-A8-A084-01","c.888A>G","p.A296A",524,481,0.48,"17S0003"
"VCX3B_ENST00000381029","TCGA-AC-A23H-01","c.546G>T","p.L182L",344,513,0.6,"17S0003"
"COL1A1","TCGA-D8-A27F-01","c.3329_3355del27","p.H1110_G1118delHRGFSGLQG",206,118,0.36,"17S0003"
"ZNF268","TCGA-AR-A5QN-01","c.2251C>T","p.P751S",160,523,0.77,"17S0003"
"DIDO1","TCGA-A8-A09G-01","c.365G>C","p.R122T",526,159,0.23,"17S0003"
"TRAF3IP3","TCGA-D8-A1J8-01","c.358G>C","p.D120H",349,105,0.23,"17S0003"
"ABCG1_ENST00000398437","TCGA-GM-A2DH-01","c.2223G>C","p.W741C",191,466,0.71,"17S0003"
"CXorf48","TCGA-AO-A12E-01","c.390C>T","p.N130N",188,442,0.7,"17S0003"
"CCDC69","TCGA-AN-A0AM-01","c.572G>A","p.R191H",203,114,0.36,"17S0003"
"EBF2_ENST00000520164","TCGA-BH-A0AW-01","c.1468T>G","p.L490V",150,587,0.8,"17S0003"
"ITGB8","TCGA-E9-A1NH-01","c.513C>T","p.N171N",218,244,0.53,"17S0003"
"FAF1","TCGA-E9-A3HO-01","c.1049C>A","p.P350H",374,271,0.42,"17S0003"
"STAM2","TCGA-E9-A1RF-01","c.1455G>A","p.V485V",454,173,0.28,"17S0003"
"MTMR12","TCGA-A8-A0A6-01","c.212T>G","p.V71G",176,398,0.69,"17S0003"
"MAP3K6_ENST00000493901","TCGA-AN-A046-01","c.3532G>A","p.E1178K",287,327,0.53,"17S0003"
"OR52N5","TCGA-A2-A0YD-01","c.252C>T","p.T84T",511,528,0.51,"17S0003"
"RDX","TCGA-AR-A0TX-01","c.1495G>C","p.E499Q",119,203,0.63,"17S0011"
"POF1B_ENST00000373145","TCGA-E9-A247-01","c.204C>A","p.P68P",411,546,0.57,"17S0011"
"NR2E1","TCGA-AO-A0J8-01","c.134G>A","p.R45Q",471,502,0.52,"17S0011"
"TMEM132C","TCGA-C8-A134-01","c.1657G>A","p.A553T",235,124,0.35,"17S0011"
"LCP2_ENST00000046794","TCGA-E2-A15M-01","c.367G>A","p.E123K",543,453,0.45,"17S0011"
"SMG1","TCGA-AR-A256-01","c.9112delA","p.T3038fs*14",161,571,0.78,"17S0011"
"FLG","TCGA-AO-A0JD-01","c.5654A>G","p.H1885R",483,249,0.34,"17S0011"
"PSMD4","TCGA-AN-A0FZ-01","c.1099G>A","p.G367S",190,431,0.69,"17S0011"
"CHD4","TCGA-AO-A12E-01","c.2710C>A","p.P904T",399,391,0.49,"17S0011"
"NLRP3","TCGA-AC-A23H-01","c.1926C>A","p.F642L",416,574,0.58,"17S0011"
"CSMD3","TCGA-BH-A0DQ-01","c.4283C>G","p.S1428C",546,498,0.48,"17S0011"
"TNFSF12-TNFSF13","TCGA-AN-A046-01","c.984G>T","p.V328V",291,361,0.55,"17S0011"
"MKLN1","TCGA-AN-A046-01","c.533G>A","p.R178H",308,157,0.34,"17S0011"
"TP53","TCGA-A8-A06Z-01","c.383delC","p.P128fs*42",301,151,0.33,"17S0011"
"NBEAL2","TCGA-E2-A1LA-01","c.854T>C","p.I285T",348,109,0.24,"17S0011"
"KDM5C_ENST00000375401","TCGA-BH-A18G-01","c.3883G>C","p.A1295P",369,423,0.53,"17S0011"
"NUDC","TCGA-AO-A0J9-01","c.876_877insG","p.D293fs*37",423,121,0.22,"17S0011"
"HMCN1","TCGA-AC-A5XS-01","c.16720G>A","p.E5574K",198,523,0.73,"17S0011"
"LMF2","TCGA-D8-A147-01","c.274-5C>T","p.?",279,468,0.63,"17S0011"
"MYST3","TCGA-D8-A1JA-01","c.334G>C","p.E112Q",255,135,0.35,"17S0011"
"SLC35F3","TCGA-E9-A228-01","c.228G>A","p.R76R",497,112,0.18,"17S0011"
"KSR2_ENST00000339824","TCGA-AN-A0AJ-01","c.2356G>A","p.D786N",486,269,0.36,"17S0011"
"MUC6_ENST00000421673","TCGA-A8-A07I-01","c.6722_6723insC","p.A2242fs*132",196,138,0.41,"17S0011"
"C11orf30","TCGA-A2-A3XY-01","c.2060T>C","p.L687P",512,219,0.3,"17S0011"
"DGKB","TCGA-E2-A156-01","c.1362-6_1376del21","p.?",437,218,0.33,"17S0011"
"CSMD1_ENST00000318252","TCGA-A8-A076-01","c.920C>A","p.P307H",205,166,0.45,"17S0011"
"GPR97","TCGA-A2-A0EO-01","c.1342G>A","p.V448M",386,480,0.55,"17S0011"
"FRMPD4_ENST00000429478","TCGA-BH-A0AU-01","c.3114A>T","p.K1038N",566,280,0.33,"17S0011"
"MCF2L_ENST00000423482","TCGA-C8-A1HM-01","c.657C>T","p.F219F",303,405,0.57,"17S0011"
"SDHD","TCGA-A2-A0YM-01","c.159G>A","p.P53P",253,576,0.69,"17S0011"
"CEP89","TCGA-A8-A081-01","c.1837G>A","p.E613K",517,189,0.27,"17S0011"
"EDA_ENST00000374552","TCGA-AN-A046-01","c.463C>T","p.R155C",339,357,0.51,"17S0011"
"CELSR2","TCGA-D8-A1JA-01","c.2742G>C","p.V914V",269,400,0.6,"17S0011"
"SLC8A1_ENST00000542024","TCGA-GM-A2DH-01","c.2000G>T","p.R667L",263,302,0.53,"17S0011"
"GTF3C1","TCGA-AO-A03M-01","c.4905G>A","p.V1635V",509,328,0.39,"17S0011"
"FAM22F_ENST00000253262","TCGA-E2-A159-01","c.1162G>A","p.E388K",204,561,0.73,"17S0011"
"SRGAP1_ENST00000357825","TCGA-BH-A0B8-01","c.1369C>A","p.Q457K",327,278,0.46,"17S0011"
"PGR","TCGA-AO-A0J7-01","c.1786_1787insG","p.E596fs*13",575,123,0.18,"17S0011"
"TET1_ENST00000373644","TCGA-A2-A0D2-01","c.4254A>G","p.E1418E",289,427,0.6,"17S0011"
"NUP153","TCGA-AC-A2BM-01","c.2085T>A","p.T695T",334,432,0.56,"17S0011"
"ACVR1B_ENST00000541224","TCGA-E9-A22G-01","c.677G>A","p.W226*",324,407,0.56,"17S0011"
"COX15_ENST00000370483","TCGA-D8-A1JA-01","c.697C>T","p.L233F",156,425,0.73,"17S0011"
"SCG2","TCGA-A8-A0A6-01","c.1694T>G","p.V565G",296,107,0.27,"17S0011"
"MYO16_ENST00000457511","TCGA-A8-A07R-01","c.766C>A","p.L256M",115,544,0.83,"17S0011"
"AGK","TCGA-AN-A046-01","c.26G>A","p.R9Q",487,289,0.37,"17S0011"
"RPAP2","TCGA-A8-A08L-01","c.1319G>A","p.G440D",197,566,0.74,"17S0011"
"SYBU_ENST00000422135","TCGA-EW-A1PH-01","c.25-5T>C","p.?",259,213,0.45,"17S0011"
"BCAR1_ENST00000393422","TCGA-AO-A128-01","c.914A>G","p.Y305C",258,582,0.69,"17S0011"
"CAMTA1","TCGA-B6-A0RT-01","c.1536C>T","p.I512I",169,447,0.73,"17S0011"
"POLA1_ENST00000379059","TCGA-AN-A046-01","c.2464G>A","p.E822K",363,384,0.51,"17S0011"
"CAMSAP1_ENST00000409386","TCGA-AN-A0XP-01","c.2229T>A","p.T743T",413,459,0.53,"17S0011"
"BOLL","TCGA-A8-A09Z-01","c.265_266insA","p.I89fs*6",236,101,0.3,"17S0011"
"REG1B","TCGA-AC-A23G-01","c.377C>A","p.T126N",594,393,0.4,"17S0011"
"CCL15","TCGA-BH-A0B6-01","c.315G>A","p.M105I",233,156,0.4,"17S0011"
"KCNA4","TCGA-E9-A1R6-01","c.909C>A","p.S303S",102,528,0.84,"17S0011"
"PDIA4","TCGA-AN-A046-01","c.553G>T","p.E185*",539,291,0.35,"17S0011"
"CUBN","TCGA-BH-A18V-01","c.9542A>G","p.K3181R",166,516,0.76,"17S0011"
"BZRAP1_ENST00000355701","TCGA-E2-A14N-01","c.4960T>G","p.F1654V",395,417,0.51,"17S0011"
"CNNM1_ENST00000356713","TCGA-A2-A0T4-01","c.2711C>G","p.T904R",133,559,0.81,"17S0011"
"PEX16","TCGA-BH-A0HF-01","c.225+1G>A","p.?",175,364,0.68,"17S0011"
"EMID1","TCGA-BH-A0BZ-01","c.247G>T","p.V83L",427,503,0.54,"17S0011"
"PODN_ENST00000371500","TCGA-A8-A09N-01","c.1064C>T","p.A355V",561,495,0.47,"17S0011"
"TRIM6","TCGA-AO-A0J3-01","c.39C>G","p.I13M",404,380,0.48,"17S0011"
"SRPK3_ENST00000489426","TCGA-AN-A0AS-01","c.1842G>C","p.E614D",538,230,0.3,"17S0011"
"CACNA1A_ENST00000325084","TCGA-AR-A0TX-01","c.1926C>T","p.F642F",146,448,0.75,"17S0011"
"CACNA1G_ENST00000416767","TCGA-AN-A046-01","c.4528G>T","p.E1510*",343,209,0.38,"17S0011"
"BZRAP1_ENST00000355701","TCGA-AO-A128-01","c.1090C>T","p.R364*",382,397,0.51,"17S0011"
"KCTD4","TCGA-GM-A2D9-01","c.357C>T","p.L119L",254,344,0.58,"17S0011"
"ZNF616","TCGA-A8-A095-01","c.1038C>G","p.I346M",390,510,0.57,"17S0011"
"DNMT3B","TCGA-AN-A046-01","c.217G>A","p.D73N",107,317,0.75,"17S0011"
"SLC24A3","TCGA-A8-A093-01","c.1573G>A","p.D525N",243,335,0.58,"17S0011"
"PIK3CA_ENST00000263967","TCGA-EW-A1P5-01","c.1364_1365insG","p.L456fs*13",485,457,0.49,"17S0011"
"FREM1","TCGA-A8-A08P-01","c.409A>G","p.M137V",577,305,0.35,"17S0011"
"ESRP2_ENST00000473183","TCGA-BH-A18G-01","c.1678A>G","p.S560G",270,545,0.67,"17S0011"
"ENSG00000214871","TCGA-A7-A0CE-01","c.103C>T","p.P35S",150,273,0.65,"17S0011"
"ZBBX_ENST00000455345","TCGA-D8-A1JK-01","c.86G>A","p.R29Q",347,355,0.51,"17S0011"
"NAA20","TCGA-A8-A09Z-01","c.342A>G","p.V114V",563,594,0.51,"17S0011"
"SLC35A1","TCGA-D8-A13Z-01","c.607G>C","p.D203H",246,285,0.54,"17S0011"
"C11orf41_ENST00000321505","TCGA-A8-A09Z-01","c.3400C>A","p.L1134M",305,536,0.64,"17S0011"
"LRRK1","TCGA-A8-A092-01","c.2308C>T","p.H770Y",532,398,0.43,"17S0011"
"PEF1","TCGA-AR-A1AY-01","c.718C>G","p.L240V",377,338,0.47,"17S0011"
"IQSEC1_ENST00000429247","TCGA-E2-A573-01","c.804G>T","p.Q268H",354,597,0.63,"17S0011"
"SPATA13_ENST00000343003","TCGA-AO-A0J3-01","c.208G>T","p.A70S",500,573,0.53,"17S0011"
"EXO1","TCGA-AN-A0XW-01","c.1515_1516insT","p.C508fs*7",462,450,0.49,"17S0011"
"MUC16","TCGA-BH-A18G-01","c.10603A>G","p.T3535A",218,147,0.4,"17S0011"
"SETDB1_ENST00000368962","TCGA-E9-A1NI-01","c.1179_1180insG","p.T397fs*>2",144,586,0.8,"17S0011"
"IRS1","TCGA-AN-A0FS-01","c.2255delG","p.G752fs*191",149,322,0.68,"17S0011"
"GOLGA3","TCGA-AO-A128-01","c.4350C>A","p.A1450A",459,167,0.27,"17S0011"
"MSANTD2","TCGA-AC-A23H-01","c.1285G>A","p.E429K",379,499,0.57,"17S0011"
"CRNKL1","TCGA-AN-A0AK-01","c.2235_2236delTG","p.C745fs*1",547,256,0.32,"17S0011"
"TUB","TCGA-AN-A0FS-01","c.982_983delAA","p.K328fs*18",298,395,0.57,"17S0011"
"SLC4A4_ENST00000425175","TCGA-A2-A04P-01","c.2167G>A","p.A723T",323,235,0.42,"17S0011"
"BRWD3","TCGA-BH-A0HK-01","c.1489C>T","p.R497W",388,553,0.59,"17S0011"
"GCDH","TCGA-AR-A0TY-01","c.233G>C","p.R78T",207,312,0.6,"17S0011"
"FAM200B","TCGA-BH-A18G-01","c.1232delA","p.K413fs*14",393,186,0.32,"17S0011"
"CYP7A1","TCGA-AO-A128-01","c.818T>C","p.L273P",544,388,0.42,"17S0011"
"VSIG1","TCGA-E2-A152-01","c.186C>T","p.F62F",410,146,0.26,"17S0011"
"CELSR3_ENST00000544264","TCGA-A2-A0ER-01","c.691_692insC","p.R231fs*73",441,517,0.54,"17S0011"
"SLC4A5_ENST00000377634","TCGA-AN-A046-01","c.960C>T","p.I320I",152,365,0.71,"17S0011"
"PCDHB8","TCGA-D8-A1XQ-01","c.2307A>G","p.K769K",421,163,0.28,"17S0011"
"HERC1_ENST00000443617","TCGA-D8-A1JA-01","c.7798G>C","p.V2600L",103,526,0.84,"17S0011"
"GPR113_ENST00000311519","TCGA-BH-A18G-01","c.1199A>G","p.D400G",265,104,0.28,"17S0011"
"ZNF525","TCGA-D8-A27H-01","c.341C>G","p.T114R",251,589,0.7,"17S0011"
"ECE1_ENST00000357071","TCGA-BH-A1FC-01","c.907G>A","p.A303T",315,252,0.44,"17S0011"
"C9orf141","TCGA-A2-A3KC-01","c.22C>T","p.L8F",457,381,0.45,"17S0011"
"PARP14_ENST00000474629","TCGA-AN-A046-01","c.4653G>T","p.M1551I",167,255,0.6,"17S0011"
"C4orf21","TCGA-AN-A046-01","c.3183_3184insT","p.I1062fs*>2",266,354,0.57,"17S0011"
"DMD_ENST00000378677","TCGA-A2-A3XU-01","c.6691A>T","p.S2231C",405,160,0.28,"17S0011"
"COL4A5_ENST00000328300","TCGA-A2-A0EY-01","c.1219C>T","p.Q407*",495,191,0.28,"17S0011"
"C2orf16_ENST00000408964","TCGA-A2-A1G0-01","c.3089C>A","p.S1030*",488,518,0.51,"17S0011"
"GRIA3_ENST00000541091","TCGA-A1-A0SI-01","c.832G>A","p.E278K",552,114,0.17,"17S0011"
"BMP2","TCGA-AN-A03X-01","c.871C>T","p.R291C",466,301,0.39,"17S0011"
"FN1","TCGA-AN-A046-01","c.2488C>T","p.R830C",329,598,0.65,"17S0011"
"SMARCAL1","TCGA-AN-A0FD-01","c.1698G>T","p.M566I",447,155,0.26,"17S0011"
"MAST4_ENST00000404260","TCGA-D8-A1J9-01","c.1102G>A","p.E368K",230,555,0.71,"17S0011"
